,accuracy,precision,recall,f1,kappa,set,modelo
0,0.958645,0.8910967081698788,0.5990368629249556,0.7164455414995372,0.6950629825307088,test,Regresi贸n logistica Estandarizados
1,0.95876875,0.8930750749473774,0.6004002287021155,0.718060054875078,0.6967368618793659,train,Regresi贸n logistica Estandarizados
0,0.9369668276482742,0.9257501817827453,0.9251884149173671,0.9254692131008719,0.8708603733769047,test,Regresi贸n logistica Balanceados
1,0.9365539740812864,0.9241938149906834,0.9252905014170113,0.9247418330534509,0.8699030617258213,train,Regresi贸n logistica Balanceados
